DELETE FROM responses_teamresponsehistory where request_id = 'X1Z4P7SX';
DELETE FROM responses_teams where request_id = 'X1Z4P7SX';
DELETE FROM responses_temperatureresponse where request_id = 'X1Z4P7SX';
DELETE FROM responses_teamtemperature where id = 'X1Z4P7SX';

DELETE FROM responses_user where id='edGsW2YJ';
DELETE FROM responses_user where id='O2IirH5x';
DELETE FROM responses_user where id='citldIhV';
DELETE FROM responses_user where id='0i82fgrA';
DELETE FROM responses_user where id='0i82fgrB';
DELETE FROM responses_user where id='0i82fgrC';
DELETE FROM responses_user where id='0i82fgrD';
DELETE FROM responses_user where id='0i82fgrE';
DELETE FROM responses_user where id='0i82fgrF';
DELETE FROM responses_user where id='0i82fgrG';
DELETE FROM responses_user where id='0i82fgrH';
DELETE FROM responses_user where id='0i82fgrI';
DELETE FROM responses_user where id='0i82fgrJ';
DELETE FROM responses_user where id='0i82fgrK';
DELETE FROM responses_user where id='0i82fgrL';
DELETE FROM responses_user where id='0i82fgrM';
DELETE FROM responses_user where id='0i82fgrN';
DELETE FROM responses_user where id='0i82fgrO';
DELETE FROM responses_user where id='0i82fgrP';
DELETE FROM responses_user where id='0i82fgrQ';
DELETE FROM responses_user where id='0i82fgrR';
DELETE FROM responses_user where id='0i82fgrS';
DELETE FROM responses_user where id='0i82fgrT';
DELETE FROM responses_user where id='0i82fgrU';
DELETE FROM responses_user where id='0i82fgrV';
DELETE FROM responses_user where id='0i82fgrW';
DELETE FROM responses_user where id='0i82fgrX';
DELETE FROM responses_user where id='0i82fgrY';
DELETE FROM responses_user where id='0i82fgrZ';

INSERT INTO responses_user (id) VALUES ('edGsW2YJ');
INSERT INTO responses_user (id) VALUES ('O2IirH5x');
INSERT INTO responses_user (id) VALUES ('citldIhV');
INSERT INTO responses_user (id) VALUES ('0i82fgrA');
INSERT INTO responses_user (id) VALUES ('0i82fgrB');
INSERT INTO responses_user (id) VALUES ('0i82fgrC');
INSERT INTO responses_user (id) VALUES ('0i82fgrD');
INSERT INTO responses_user (id) VALUES ('0i82fgrE');
INSERT INTO responses_user (id) VALUES ('0i82fgrF');
INSERT INTO responses_user (id) VALUES ('0i82fgrG');
INSERT INTO responses_user (id) VALUES ('0i82fgrH');
INSERT INTO responses_user (id) VALUES ('0i82fgrI');
INSERT INTO responses_user (id) VALUES ('0i82fgrJ');
INSERT INTO responses_user (id) VALUES ('0i82fgrK');
INSERT INTO responses_user (id) VALUES ('0i82fgrL');
INSERT INTO responses_user (id) VALUES ('0i82fgrM');
INSERT INTO responses_user (id) VALUES ('0i82fgrN');
INSERT INTO responses_user (id) VALUES ('0i82fgrO');
INSERT INTO responses_user (id) VALUES ('0i82fgrP');
INSERT INTO responses_user (id) VALUES ('0i82fgrQ');
INSERT INTO responses_user (id) VALUES ('0i82fgrR');
INSERT INTO responses_user (id) VALUES ('0i82fgrS');
INSERT INTO responses_user (id) VALUES ('0i82fgrT');
INSERT INTO responses_user (id) VALUES ('0i82fgrU');
INSERT INTO responses_user (id) VALUES ('0i82fgrV');
INSERT INTO responses_user (id) VALUES ('0i82fgrW');
INSERT INTO responses_user (id) VALUES ('0i82fgrX');
INSERT INTO responses_user (id) VALUES ('0i82fgrY');
INSERT INTO responses_user (id) VALUES ('0i82fgrZ');

INSERT INTO responses_teamtemperature (id, creation_date, creator_id, password) VALUES ('X1Z4P7SX', '2014-05-19', 'edGsW2YJ', 'bcrypt$$2a$12$FG5Ok0J22BD1Nz8M4kS8F.S3pAbbaUMKw1weHiy9MNEsazzjv/F8G');

INSERT INTO responses_temperatureresponse (request_id, responder_id, score, word, team_name, archived, response_date, archive_date) VALUES ('X1Z4P7SX', 'edGsW2YJ', 10, 'TEN', 'Transaction_and_Payment_Team', false, '2014-05-23 10:00:00+10', NULL);
INSERT INTO responses_temperatureresponse (request_id, responder_id, score, word, team_name, archived, response_date, archive_date) VALUES ('X1Z4P7SX', 'O2IirH5x', 1, 'One', 'Transaction_and_Payment_Team', false, '2014-05-23 10:00:00+10', NULL);
INSERT INTO responses_temperatureresponse (request_id, responder_id, score, word, team_name, archived, response_date, archive_date) VALUES ('X1Z4P7SX', 'citldIhV', 5, 'Five', 'Transaction_and_Payment_Team', true, '2014-05-23 10:00:00+10', '2014-05-23 10:00:00+10');
INSERT INTO responses_temperatureresponse (request_id, responder_id, score, word, team_name, archived, response_date, archive_date) VALUES ('X1Z4P7SX', 'edGsW2YJ', 1, '1t', 'Transaction_and_Payment_Team', true, '2014-05-23 10:00:00+10', '2014-05-23 10:00:00+10');
INSERT INTO responses_temperatureresponse (request_id, responder_id, score, word, team_name, archived, response_date, archive_date) VALUES ('X1Z4P7SX', '0i82fgrG', 10, 'Salubrious', 'Transaction_and_Payment_Team', false, '2014-05-23 10:00:00+10', NULL);
INSERT INTO responses_temperatureresponse (request_id, responder_id, score, word, team_name, archived, response_date, archive_date) VALUES ('X1Z4P7SX', '0i82fgrA', 2, 'Awesome', 'Transaction_and_Payment_Team', false, '2014-05-23 10:00:00+10', NULL);
INSERT INTO responses_temperatureresponse (request_id, responder_id, score, word, team_name, archived, response_date, archive_date) VALUES ('X1Z4P7SX', '0i82fgrB', 3, 'Good', 'Transaction_and_Payment_Team', false, '2014-05-23 10:00:00+10', NULL);
INSERT INTO responses_temperatureresponse (request_id, responder_id, score, word, team_name, archived, response_date, archive_date) VALUES ('X1Z4P7SX', '0i82fgrC', 4, 'Tired', 'Transaction_and_Payment_Team', false, '2014-05-23 10:00:00+10', NULL);
INSERT INTO responses_temperatureresponse (request_id, responder_id, score, word, team_name, archived, response_date, archive_date) VALUES ('X1Z4P7SX', '0i82fgrD', 5, 'Great', 'Transaction_and_Payment_Team', false, '2014-05-23 10:00:00+10', NULL);
INSERT INTO responses_temperatureresponse (request_id, responder_id, score, word, team_name, archived, response_date, archive_date) VALUES ('X1Z4P7SX', '0i82fgrE', 6, 'Fantastic', 'Transaction_and_Payment_Team', false, '2014-05-23 10:00:00+10', NULL);
INSERT INTO responses_temperatureresponse (request_id, responder_id, score, word, team_name, archived, response_date, archive_date) VALUES ('X1Z4P7SX', '0i82fgrF', 7, 'Energized', 'Transaction_and_Payment_Team', false, '2014-05-23 10:00:00+10', NULL);
INSERT INTO responses_temperatureresponse (request_id, responder_id, score, word, team_name, archived, response_date, archive_date) VALUES ('X1Z4P7SX', '0i82fgrH', 8, 'Climbing', 'Transaction_and_Payment_Team', false, '2014-05-23 10:00:00+10', NULL);
INSERT INTO responses_temperatureresponse (request_id, responder_id, score, word, team_name, archived, response_date, archive_date) VALUES ('X1Z4P7SX', '0i82fgrI', 9, 'High', 'Transaction_and_Payment_Team', false, '2014-05-23 10:00:00+10', NULL);
INSERT INTO responses_temperatureresponse (request_id, responder_id, score, word, team_name, archived, response_date, archive_date) VALUES ('X1Z4P7SX', '0i82fgrJ', 1, 'GRAND', 'Transaction_and_Payment_Team', false, '2014-05-23 10:00:00+10', NULL);
INSERT INTO responses_temperatureresponse (request_id, responder_id, score, word, team_name, archived, response_date, archive_date) VALUES ('X1Z4P7SX', '0i82fgrK', 2, 'Splendid', 'Transaction_and_Payment_Team', false, '2014-05-23 10:00:00+10', NULL);
INSERT INTO responses_temperatureresponse (request_id, responder_id, score, word, team_name, archived, response_date, archive_date) VALUES ('X1Z4P7SX', '0i82fgrL', 3, 'resplendent', 'Transaction_and_Payment_Team', false, '2014-05-23 10:00:00+10', NULL);
INSERT INTO responses_temperatureresponse (request_id, responder_id, score, word, team_name, archived, response_date, archive_date) VALUES ('X1Z4P7SX', '0i82fgrM', 4, 'Lavish', 'Transaction_and_Payment_Team', false, '2014-05-23 10:00:00+10', NULL);
INSERT INTO responses_temperatureresponse (request_id, responder_id, score, word, team_name, archived, response_date, archive_date) VALUES ('X1Z4P7SX', '0i82fgrN', 5, 'Sumptuous', 'Transaction_and_Payment_Team', false, '2014-05-23 10:00:00+10', NULL);
INSERT INTO responses_temperatureresponse (request_id, responder_id, score, word, team_name, archived, response_date, archive_date) VALUES ('X1Z4P7SX', '0i82fgrO', 6, 'Awe-Inspiring', 'Transaction_and_Payment_Team', false, '2014-05-23 10:00:00+10', NULL);
INSERT INTO responses_temperatureresponse (request_id, responder_id, score, word, team_name, archived, response_date, archive_date) VALUES ('X1Z4P7SX', '0i82fgrP', 7, 'Imposing', 'Transaction_and_Payment_Team', false, '2014-05-23 10:00:00+10', NULL);
INSERT INTO responses_temperatureresponse (request_id, responder_id, score, word, team_name, archived, response_date, archive_date) VALUES ('X1Z4P7SX', '0i82fgrQ', 8, 'Glorious', 'Transaction_and_Payment_Team', false, '2014-05-23 10:00:00+10', NULL);
INSERT INTO responses_temperatureresponse (request_id, responder_id, score, word, team_name, archived, response_date, archive_date) VALUES ('X1Z4P7SX', '0i82fgrR', 9, 'Imposing', 'Transaction_and_Payment_Team', false, '2014-05-23 10:00:00+10', NULL);
INSERT INTO responses_temperatureresponse (request_id, responder_id, score, word, team_name, archived, response_date, archive_date) VALUES ('X1Z4P7SX', '0i82fgrS', 10, 'Magnificent', 'Transaction_and_Payment_Team', false, '2014-05-23 10:00:00+10', NULL);
INSERT INTO responses_temperatureresponse (request_id, responder_id, score, word, team_name, archived, response_date, archive_date) VALUES ('X1Z4P7SX', '0i82fgrT', 1, 'one', 'Transaction_and_Payment_Team', false, '2014-05-23 10:00:00+10', NULL);
INSERT INTO responses_temperatureresponse (request_id, responder_id, score, word, team_name, archived, response_date, archive_date) VALUES ('X1Z4P7SX', '0i82fgrU', 10, 'One', 'Transaction_and_Payment_Team', true, '2014-05-23 10:00:00+10', '2014-05-23 10:00:00+10');
INSERT INTO responses_temperatureresponse (request_id, responder_id, score, word, team_name, archived, response_date, archive_date) VALUES ('X1Z4P7SX', '0i82fgrV', 7, 'se', 'Transaction_and_Payment_Team', true, '2014-05-23 10:00:00+10', '2014-05-23 10:00:00+10');
INSERT INTO responses_temperatureresponse (request_id, responder_id, score, word, team_name, archived, response_date, archive_date) VALUES ('X1Z4P7SX', '0i82fgrW', 6, 'two', 'Transaction_and_Payment_Team', true, '2014-05-23 10:00:00+10', '2014-05-23 10:00:00+10');
INSERT INTO responses_temperatureresponse (request_id, responder_id, score, word, team_name, archived, response_date, archive_date) VALUES ('X1Z4P7SX', '0i82fgrX', 7, 'good', 'Transaction_and_Payment_Team', true, '2014-05-24 01:52:38.034571+10', '2014-05-24 01:58:24.02741+10');
INSERT INTO responses_temperatureresponse (request_id, responder_id, score, word, team_name, archived, response_date, archive_date) VALUES ('X1Z4P7SX', '0i82fgrY', 1, 'GreatAWESOMEDUDE1', 'Transaction_and_Payment_Team', true, '2014-05-24 02:02:51.487426+10', '2014-05-24 02:02:58.285293+10');
INSERT INTO responses_temperatureresponse (request_id, responder_id, score, word, team_name, archived, response_date, archive_date) VALUES ('X1Z4P7SX', '0i82fgrZ', 1, 'ten1', 'Transaction_and_Payment_Team', false, '2014-05-24 12:25:06.519626+10', NULL);
INSERT INTO responses_temperatureresponse (request_id, responder_id, score, word, team_name, archived, response_date, archive_date) VALUES ('X1Z4P7SX', '0i82fgrY', 1, 'Fantastc', 'Account_Management', false, '2014-05-24 02:02:51.487426+10', NULL);
INSERT INTO responses_temperatureresponse (request_id, responder_id, score, word, team_name, archived, response_date, archive_date) VALUES ('X1Z4P7SX', '0i82fgrZ', 1, 'CardsRock', 'Card_Management', false, '2014-05-24 12:25:06.519626+10', NULL);


INSERT INTO responses_teamresponsehistory (request_id, average_score, word_list, responder_count, team_name, archive_date) VALUES ('X1Z4P7SX', 5.00000, 'Aweseome Great Sad', 3, 'Transaction_and_Payment_Team', '2014-05-24 01:58:24.013317+10');
INSERT INTO responses_teamresponsehistory (request_id, average_score, word_list, responder_count, team_name, archive_date) VALUES ('X1Z4P7SX', 3.50000, 'Aweseome Great Sad', 2, 'Transaction_and_Payment_Team', '2014-05-10 01:58:24.013317+10');
INSERT INTO responses_teamresponsehistory (request_id, average_score, word_list, responder_count, team_name, archive_date) VALUES ('X1Z4P7SX', 8.00000, 'Aweseome Great Sad', 2, 'Transaction_and_Payment_Team', '2014-04-24 01:58:24.013317+10');
INSERT INTO responses_teamresponsehistory (request_id, average_score, word_list, responder_count, team_name, archive_date) VALUES ('X1Z4P7SX', 7.00000, 'Aweseome Great Sad', 1, 'Transaction_and_Payment_Team', '2014-04-10 01:58:24.013317+10');
INSERT INTO responses_teamresponsehistory (request_id, average_score, word_list, responder_count, team_name, archive_date) VALUES ('X1Z4P7SX', 1.00000, 'Aweseome Great Sad', 1, 'Transaction_and_Payment_Team', '2014-03-24 01:58:24.013317+10');
INSERT INTO responses_teamresponsehistory (request_id, average_score, word_list, responder_count, team_name, archive_date) VALUES ('X1Z4P7SX', 10.00000, 'Aweseome Great Sad', 1, 'Transaction_and_Payment_Team', '2014-03-10 01:58:24.013317+10');
INSERT INTO responses_teamresponsehistory (request_id, average_score, word_list, responder_count, team_name, archive_date) VALUES ('X1Z4P7SX', 6.55000, 'Aweseome Great Sad', 1, 'Transaction_and_Payment_Team', '2014-02-24 01:58:24.013317+10');

INSERT INTO responses_teamresponsehistory (request_id, average_score, word_list, responder_count, team_name, archive_date) VALUES ('X1Z4P7SX', 6.00000, 'Aweseome Great Sad', 3, 'Card_Management', '2014-05-24 01:58:24.013317+10');
INSERT INTO responses_teamresponsehistory (request_id, average_score, word_list, responder_count, team_name, archive_date) VALUES ('X1Z4P7SX', 2.50000, 'Aweseome Great Sad', 2, 'Card_Management', '2014-05-10 01:58:24.013317+10');
INSERT INTO responses_teamresponsehistory (request_id, average_score, word_list, responder_count, team_name, archive_date) VALUES ('X1Z4P7SX', 7.00000, 'Aweseome Great Sad', 2, 'Card_Management', '2014-04-24 01:58:24.013317+10');
INSERT INTO responses_teamresponsehistory (request_id, average_score, word_list, responder_count, team_name, archive_date) VALUES ('X1Z4P7SX', 8.00000, 'Aweseome Great Sad', 1, 'Card_Management', '2014-04-10 01:58:24.013317+10');
INSERT INTO responses_teamresponsehistory (request_id, average_score, word_list, responder_count, team_name, archive_date) VALUES ('X1Z4P7SX', 2.00000, 'Aweseome Great Sad', 1, 'Card_Management', '2014-03-24 01:58:24.013317+10');
INSERT INTO responses_teamresponsehistory (request_id, average_score, word_list, responder_count, team_name, archive_date) VALUES ('X1Z4P7SX', 9.00000, 'Aweseome Great Sad', 1, 'Card_Management', '2014-03-10 01:58:24.013317+10');
INSERT INTO responses_teamresponsehistory (request_id, average_score, word_list, responder_count, team_name, archive_date) VALUES ('X1Z4P7SX', 6.55000, 'Aweseome Great Sad', 1, 'Card_Management', '2014-02-24 01:58:24.013317+10');

INSERT INTO responses_teamresponsehistory (request_id, average_score, word_list, responder_count, team_name, archive_date) VALUES ('X1Z4P7SX', 4.00000, 'Aweseome Great Sad', 3, 'Account_Management', '2014-05-24 01:58:24.013317+10');
INSERT INTO responses_teamresponsehistory (request_id, average_score, word_list, responder_count, team_name, archive_date) VALUES ('X1Z4P7SX', 1.50000, 'Aweseome Great Sad', 2, 'Account_Management', '2014-05-10 01:58:24.013317+10');
INSERT INTO responses_teamresponsehistory (request_id, average_score, word_list, responder_count, team_name, archive_date) VALUES ('X1Z4P7SX', 10.00000, 'Aweseome Great Sad', 2, 'Account_Management', '2014-04-24 01:58:24.013317+10');
INSERT INTO responses_teamresponsehistory (request_id, average_score, word_list, responder_count, team_name, archive_date) VALUES ('X1Z4P7SX', 6.00000, 'Aweseome Great Sad', 1, 'Account_Management', '2014-04-10 01:58:24.013317+10');
INSERT INTO responses_teamresponsehistory (request_id, average_score, word_list, responder_count, team_name, archive_date) VALUES ('X1Z4P7SX', 4.00000, 'Aweseome Great Sad', 1, 'Account_Management', '2014-03-24 01:58:24.013317+10');
INSERT INTO responses_teamresponsehistory (request_id, average_score, word_list, responder_count, team_name, archive_date) VALUES ('X1Z4P7SX', 3.00000, 'Aweseome Great Sad', 1, 'Account_Management', '2014-03-10 01:58:24.013317+10');
INSERT INTO responses_teamresponsehistory (request_id, average_score, word_list, responder_count, team_name, archive_date) VALUES ('X1Z4P7SX', 9.55000, 'Aweseome Great Sad', 1, 'Account_Management', '2014-02-24 01:58:24.013317+10');

INSERT INTO responses_teamresponsehistory (request_id, average_score, word_list, responder_count, team_name, archive_date) VALUES ('X1Z4P7SX', 5.00000, 'Aweseome Great Sad', 5, 'Average', '2014-05-24 01:58:24.013317+10');
INSERT INTO responses_teamresponsehistory (request_id, average_score, word_list, responder_count, team_name, archive_date) VALUES ('X1Z4P7SX', 2.50000, 'Aweseome Great Sad', 2, 'Average', '2014-05-10 01:58:24.013317+10');
INSERT INTO responses_teamresponsehistory (request_id, average_score, word_list, responder_count, team_name, archive_date) VALUES ('X1Z4P7SX', 8.33333, 'Aweseome Great Sad', 2, 'Average', '2014-04-24 01:58:24.013317+10');
INSERT INTO responses_teamresponsehistory (request_id, average_score, word_list, responder_count, team_name, archive_date) VALUES ('X1Z4P7SX', 7.00000, 'Aweseome Great Sad', 1, 'Average', '2014-04-10 01:58:24.013317+10');
INSERT INTO responses_teamresponsehistory (request_id, average_score, word_list, responder_count, team_name, archive_date) VALUES ('X1Z4P7SX', 2.33333, 'Aweseome Great Sad', 1, 'Average', '2014-03-24 01:58:24.013317+10');
INSERT INTO responses_teamresponsehistory (request_id, average_score, word_list, responder_count, team_name, archive_date) VALUES ('X1Z4P7SX', 7.33333, 'Aweseome Great Sad', 1, 'Average', '2014-03-10 01:58:24.013317+10');
INSERT INTO responses_teamresponsehistory (request_id, average_score, word_list, responder_count, team_name, archive_date) VALUES ('X1Z4P7SX', 7.55000, 'Aweseome Great Sad', 1, 'Average', '2014-02-24 01:58:24.013317+10');

INSERT INTO responses_teams (request_id,team_name) VALUES ('X1Z4P7SX', 'Transaction_and_Payment_Team');
INSERT INTO responses_teams (request_id,team_name) VALUES ('X1Z4P7SX', 'Card_Management');
INSERT INTO responses_teams (request_id,team_name) VALUES ('X1Z4P7SX', 'Account_Management');
